run_id,r_col,n,seed,resamples,mean,ci_low,ci_high,crosses_zero
20260220_004047,r_multiple,327,42,5000,-0.025456574923547387,-0.07898161620795105,0.02661713073394496,True
