run_id,r_col,n,seed,resamples,mean,ci_low,ci_high,crosses_zero
20260220_015938,r_multiple,329,42,5000,-0.021048054711246194,-0.07149994832826746,0.028225556231003028,True
