run_id,r_col,n,seed,resamples,mean,ci_low,ci_high,crosses_zero
20260219_235935,r_multiple,26,42,5000,0.11183423076923076,-0.3213734134615384,0.5630766153846154,True
